<?xml version="1.0" encoding="UTF-8" ?>
<XMLDB PATH="mod/lti/service/gradebookservices/db" VERSION="20150915" COMMENT="XMLDB file for Moodle mod/lti/service/gradebookservices"
    xmlns:xsi="http://www.w3.org/2001/XMLSchema-instance"
    xsi:noNamespaceSchemaLocation="../../../../../lib/xmldb/xmldb.xsd"
>
  <TABLES>
    <TABLE NAME="ltiservice_gradebookservices" COMMENT="This file records the grade items created by the LTI Gradebook Services service">
      <FIELDS>
        <FIELD NAME="id" TYPE="int" LENGTH="10" NOTNULL="true" SEQUENCE="true"/>
        <FIELD NAME="toolproxyid" TYPE="int" LENGTH="10" NOTNULL="true" SEQUENCE="false" COMMENT="ID of the Tool Proxy instance."/>
        <FIELD NAME="resourcelinkid" TYPE="int" LENGTH="10" NOTNULL="false" SEQUENCE="false" COMMENT="ID of the LTI element related with this lineitem."/>
        <FIELD NAME="tag" TYPE="char" LENGTH="255" NOTNULL="false" SEQUENCE="false" COMMENT="Tag type specified for the line item"/>
        <FIELD NAME="previousid" TYPE="int" LENGTH="10" NOTNULL="false" SEQUENCE="false" COMMENT="Needed for backup purposes. The id of this entry in before restoring it"/>
      </FIELDS>
      <KEYS>
        <KEY NAME="primary" TYPE="primary" FIELDS="id"/>
        <KEY NAME="resourcelink" TYPE="foreign" FIELDS="resourcelinkid" REFTABLE="lti" REFFIELDS="id" COMMENT="The ID of the LTI element related with this lineitem."/>
      </KEYS>
    </TABLE>
  </TABLES>
</XMLDB>